PUBCHEM_CID,canonical_smiles,Class,AID
137643720,CCc1noc(-c2cc3c(s2)C(=O)C=CC3=O)n1,0,1466262
155533270,CN(C)CCCn1cnc2c1ncn1c(NC(C)(C)C)c(-c3ccc(Cl)cc3)nc21,0,1603622
59052018,CC(C(=O)NNC(=O)NCC1CCCCC1)c1cccc(Cc2ccccc2)c1,0,653273
137638064,CCc1noc(-c2ccc3c(=O)c4ccccc4oc3c2)n1,0,1466262
155536795,CCCCCCCCCCc1cn(-c2c(C#N)c3nc4ccccc4n3c3cc(F)ccc23)nn1,1,1519719
155546911,N#Cc1c(-n2cc(CCO)nn2)c2ccc(F)cc2n2c1nc1ccccc12,1,1519719
155554646,N#Cc1c(-n2cc(CCO)nn2)c2ccccc2n2c1nc1ccccc12,1,1519719
155563381,N#Cc1c(-n2cc(CCCCl)nn2)c2ccccc2n2c1nc1ccccc12,1,1519719
155565260,N#Cc1c(-n2cc(CCCCl)nn2)c2ccc(F)cc2n2c1nc1ccccc12,1,1519719
59052016,CC(C(=O)NNC(=O)NC1CCCC1)c1cccc(Cc2ccccc2)c1,0,653273
145965969,COC1OC(=O)C(Br)=C1Nc1ccc(-c2ccccc2)cc1,0,1379036
145967199,COC1OC(=O)C(Br)=C1Nc1ccc(-c2ccc(N)cc2)cc1,0,1379036
145967222,CC(=O)OC1OC(=O)C(Br)=C1Nc1ccc(-c2ccccc2)cc1,0,1379036
145972156,COC1OC(=O)C(Cl)=C1Nc1ccc(-c2ccc(N)cc2)cc1,0,1379036
145974458,CCOC1OC(=O)C(Br)=C1Nc1ccc(-c2ccc(N)cc2)cc1,0,1379036
145974854,CCOC1OC(=O)C(Br)=C1Nc1ccc(-c2ccccc2)cc1,0,1379036
145976318,CC(=O)OC1OC(=O)C(Br)=C1Nc1ccc(-c2ccc(N)cc2)cc1,0,1379036
145976506,COC1OC(=O)C(Cl)=C1Nc1ccc(-c2ccccc2)cc1,0,1379036
145976708,CCOC1OC(=O)C(Cl)=C1Nc1ccc(-c2ccccc2)cc1,0,1379036
145978058,CCOC1OC(=O)C(Cl)=C1Nc1ccc(-c2ccc(N)cc2)cc1,0,1379036
155513093,O=Cc1c(O)ccc2oc(-c3cccc(Cl)c3)nc12,0,1532052
155514171,O=Cc1c(O)ccc2oc(-c3ccccc3Cl)nc12,0,1532052
155523412,Cc1ccccc1-c1nc2c(C=O)c(O)ccc2o1,0,1532052
155531108,COc1ccccc1-c1nc2c(C=O)c(O)ccc2o1,1,1532052
155543206,COc1cc(OC)cc(-c2nc3c(C=O)c(O)ccc3o2)c1,0,1532052
155545064,CC(=O)c1c(O)ccc2oc(-c3ccccc3C)nc12,1,1532052
155563784,O=Cc1c(O)ccc2oc(-c3ccccc3[N+](=O)[O-])nc12,0,1532052
155565142,CC(=O)c1c(O)ccc2oc(-c3ccccc3)nc12,0,1532052
137632566,O=C1c2ccccc2C(=O)c2sc(-c3nnc(-c4ccccc4)o3)cc21,0,1466262
155543201,Cc1ccc(-c2cn(Cc3ccc(F)c(F)c3)nn2)cc1C(=O)NCCN1CCOCC1,0,1636649
155555076,Cc1ccc(-c2cn(Cc3ccc(C#N)cc3)nn2)cc1C(=O)NCCN1CCOCC1,0,1636649
141531564,CC(c1ccc(N2CCN(C)CC2)cc1)c1ccc2c(c1)Nc1ccccc1S2,0,1727601
59051882,CC(C(=O)NNC(=O)NCc1ccccc1)c1cccc(Oc2ccccc2)c1,0,653273
56951561,C=CCCCCCCC[C@H]1C(=O)O[C@@H]1CCc1ccccc1,0,639236
155568606,COc1ccc(/C=C2\NC(=O)N(CCCCN3CCN(c4cccc(Cl)c4Cl)CC3)C2=O)cc1OC,0,1545648
137642492,c1ccc(OCc2nnc(Cc3nc4ccccc4[nH]3)o2)cc1,0,1428365
59051878,CC(C)Cc1ccc(C(C)C(=O)NNC(=O)NC(c2ccccc2)c2ccccc2)cc1,0,653273
139035059,CN(CCOC(=O)/C=C/C(=O)c1ccc(F)cc1)C(C(=O)NC(C)(C)C)c1ccc(F)cc1,1,1564523
49781733,CCOc1cc(/C=C2\CN(C(=O)CCC(=O)NCCCNCCCN)C/C(=C\c3ccc(O)c(OCC)c3)C2=O)ccc1O,0,517515
49781509,COc1cc(/C=C2\CN(C(=O)CCC(=O)NCCCNCCCCNCCCN)C/C(=C\c3ccc(O)c(OC)c3)C2=O)ccc1O,0,517515
49781511,CCOc1cc(/C=C2\CN(C(=O)CCC(=O)NCCCNCCCCNCCCN)C/C(=C\c3ccc(O)c(OCC)c3)C2=O)ccc1O,0,517515
11495101,COc1cc(/C=C2\CNC/C(=C\c3ccc(O)c(OC)c3)C2=O)ccc1O,1,517515
49781513,COc1cc(/C=C2\CN(C(=O)CCC(=O)NCCCNCCCN)C/C(=C\c3ccc(O)c(OC)c3)C2=O)ccc1O,0,517515
137633245,N#CCc1nnc(Cc2nc3ccccc3[nH]2)o1,0,1428365
441401,CC(=O)NC[C@H]1CN(c2ccc(N3CCOCC3)c(F)c2)C(=O)O1,1,759681
166627541,COC(=O)C1=Nc2ccc(F)cc2/C1=C/c1sc(N)nc1O,0,1832979
5281691,COc1cc(O)c2c(=O)c(O)c(-c3ccc(O)c(O)c3)oc2c1,0,1066496
155513080,CC(=O)c1c(O)c([C@@H]2O[C@H](CO)[C@@H](O)[C@H](O)[C@H]2O)c(O)c2c1O[C@]1(C2)O[C@H](CO)[C@@H](O)[C@H]1O,0,1591992
155524741,CC(=O)c1c(O)c([C@@H]2O[C@H](CO)[C@@H](O)[C@H](O)[C@H]2O)c(O)c2c1O[C@@]1(C2)O[C@@H](CO)[C@H](O)[C@H]1O,0,1591992
21589933,CC(=O)c1c(O)c([C@@H]2O[C@H](CO)[C@@H](O)[C@H](O)[C@H]2O)c(O)c2c1O[C@@]1(C2)O[C@H](CO)[C@@H](O)[C@@H]1O,0,1591992
155535643,CC(=O)c1c(O)c([C@@H]2O[C@H](CO)[C@@H](O)[C@H](O)[C@H]2O)c(O)c2c1O[C@@]1(C2)O[C@H](CO)[C@H](O)[C@@H]1O,0,1591992
155535806,CC(=O)c1c(O)c([C@@H]2O[C@H](CO)[C@@H](O)[C@H](O)[C@H]2O)c(O)c2c1O[C@]1(C2)O[C@H](CO)[C@@H](O)[C@@H]1O,0,1591992
162643701,COc1ccc(Nc2nnnn2-c2cccc(Br)c2)cc1,0,1687505
162646282,COc1ccc(Nc2nnnn2-c2ccc(Cl)cc2)cc1,0,1687505
162646866,COc1ccc(-n2nnnc2Nc2ccccc2Br)cc1,0,1687505
137527576,COc1ccc(-n2nnnc2Nc2ccccc2F)cc1,0,1687505
162649135,COc1ccc(Nc2nnnn2-c2cccc(Cl)c2)cc1,0,1687505
162650702,COc1ccc(-n2nnnc2Nc2cccc(F)c2)cc1,0,1687505
162652698,COc1ccc(-n2nnnc2Nc2cccc(Cl)c2)cc1,0,1687505
162653027,COc1ccc(-n2nnnc2Nc2ccccc2Cl)cc1,0,1687505
162654971,COc1ccc(-n2nnnc2Nc2cccc(Br)c2)cc1,0,1687505
162655776,COc1ccc(-n2nnnc2Nc2ccc(Cl)cc2)cc1,0,1687505
162657841,COc1ccc(-n2nnnc2Nc2ccc(F)cc2)cc1,0,1687505
137538077,COc1ccc(Nc2nnnn2-c2ccccc2F)cc1,0,1687505
162660672,COc1ccc(Nc2nnnn2-c2ccccc2Br)cc1,0,1687505
162670277,COc1ccc(-n2nnnc2Nc2ccc(Br)cc2)cc1,0,1687505
162671091,COc1ccc(Nc2nnnn2-c2ccc(F)cc2)cc1,0,1687505
53382052,COc1ccc(Nc2nnnn2-c2ccc(Br)cc2)cc1,0,1687505
162672175,COc1ccc(Nc2nnnn2-c2ccccc2Cl)cc1,0,1687505
162674325,COc1ccc(Nc2nnnn2-c2cccc(F)c2)cc1,0,1687505
6440856,O=C1C=CC[C@H](/C=C/c2ccccc2)O1,0,1168751
72323,COc1cc2c(cc1O)CC[n+]1cc3c(OC)c(OC)ccc3cc1-2,1,1653971
72310,COc1cc2c(cc1O)-c1cc3ccc(OC)c(OC)c3c[n+]1CC2,1,1653971
19009,COc1cc2c(cc1OC)-c1cc3ccc(OC)c(OC)c3c[n+]1CC2,1,1653971
591773,COC(=O)c1c(C)cc(O)c(C=O)c1O,0,468209
5311093,CCCCCCCC/C=C\CCCCCCCC(=O)NCc1ccc(O)c(OC)c1,1,574406
14230987,CC/C=C\C/C=C\C/C=C\CCCCCCCC(=O)NCCc1ccc(O)c(O)c1,1,574406
5282106,CCCCCCCC/C=C\CCCCCCCC(=O)NCCc1ccc(O)c(O)c1,1,574406
16759163,CCCCCCCCCCCCCCCC(=O)NCCc1ccc(O)c(O)c1,1,574406
53317469,CCCCCCC/C=C/C(=O)CCCCCCCC(=O)NCCc1ccc(O)c(O)c1,1,574406
6444746,CCCCC/C=C\C/C=C\CCCCCCCC(=O)NCc1ccc(O)c(OC)c1,1,574406
53317472,CC/C=C\C/C=C\C/C=C\C=C/C/C=C\C/C=C\CCC(=O)NCc1ccc(O)c(OC)c1,1,574406
9952407,CCCCCCCCCCCCCCCC(=O)NCc1ccc(O)c(OC)c1,1,574406
24837735,CCCCCCCC/C=C\CCCCCCCCCCCC(=O)NCc1ccc(O)c(OC)c1,1,574406
53321647,CCCCCCCC(=O)/C=C/CCCCCCCC(=O)NCCc1ccc(O)c(O)c1,1,574406
52918175,CCCCCCCCC(=O)/C=C/CCCCCCC(=O)NCCc1ccc(O)c(O)c1,1,574406
6447859,CC/C=C\C/C=C\C/C=C\CCCCCCCC(=O)NCc1ccc(O)c(OC)c1,1,574406
52918176,CCCCCCCC/C=C\CCCCCCCCCCCC(=O)NCCc1ccc(O)c(O)c1,1,574406
6439058,CCCCC/C=C\C/C=C\CCCCCCCC(=O)NCCc1ccc(O)c(O)c1,1,574406
53326594,CCCCCCCC/C=C/C(=O)CCCCCCC(=O)NCCc1ccc(O)c(O)c1,1,574406
53326596,CC/C=C\C/C=C\C/C=C\C=C/C/C=C\C/C=C\CCC(=O)NCCc1ccc(O)c(O)c1,1,574406
101919836,CCCCCC/C=C\CCCCCCCCCc1cc(O)cc(OC)c1,0,1206045
5386673,CCCCCC/C=C\CCCCCCCCCc1cc(O)cc(OC)c1O,1,1206045
118736750,CCCCCC/C=C\CCCCCCCCCc1cc(OC)cc(OC)c1OC,0,1206045
118736752,CCCCCC/C=C\CCCCCCCCCc1c(O)c(OC)cc(O)c1OC,0,1206045
118736754,CCCCCC/C=C\CCCCc1cc(O)cc(OC)c1O,1,1206045
118736755,CCCCCC/C=C/CCCCc1cc(O)cc(OC)c1O,1,1206045
118736756,CCCCCCCCCCCCc1cc(O)cc(OC)c1O,1,1206045
9942292,CC(=O)/C=C/c1ccc(O)c(O)c1,0,1569234
5353609,COC(=O)/C=C/c1cc(O)ccc1O,1,1623818
5319562,COC(=O)/C=C/c1ccc(O)cc1,0,1623818
139589590,COC1=CC(=O)c2c(O)c3c(c(O)c2C1=O)[C@@H]1O[C@@H](C)C[C@@H]1OC3=O,0,1631494
155563216,N#Cc1c(-n2cc(C3CC3)nn2)c2ccc(-n3cc(C4CC4)nn3)cc2n2c1nc1ccccc12,1,1519719
162649484,Cc1ccc(S(=O)(=O)N2CCN(C(=O)c3cn(Cc4ccc(F)cc4)nn3)CC2)cc1,0,1695605
162650743,O=C(c1cn(Cc2ccc(F)cc2)nn1)N1CCN(S(=O)(=O)c2ccc(Cl)cc2)CC1,0,1695605
162651186,COc1ccc(S(=O)(=O)N2CCN(C(=O)c3cn(Cc4ccccc4)nn3)CC2)cc1,0,1695605
162651419,Cc1ccc(S(=O)(=O)N2CCN(C(=O)c3cn(Cc4ccc(I)cc4)nn3)CC2)cc1,0,1695605
162652242,O=C(c1cn(Cc2ccccc2)nn1)N1CCN(S(=O)(=O)c2ccc(Br)cc2)CC1,0,1695605
162653109,O=C(c1cn(Cc2ccc(I)cc2)nn1)N1CCN(S(=O)(=O)c2ccccc2)CC1,0,1695605
162653284,CC(C)(C)c1ccc(S(=O)(=O)N2CCN(C(=O)c3cn(Cc4ccc(I)cc4)nn3)CC2)cc1,1,1695605
162654016,COc1cccc(Cn2cc(C(=O)N3CCN(S(=O)(=O)c4ccc(Cl)cc4)CC3)nn2)c1,0,1695605
162655539,O=C(c1cn(Cc2ccc(I)cc2)nn1)N1CCN(S(=O)(=O)c2ccc(Br)cc2)CC1,1,1695605
31769958,Cc1ccc(S(=O)(=O)N2CCN(C(=O)c3cn(Cc4ccccc4)nn3)CC2)cc1,0,1695605
133808045,CC(C)(C)c1ccc(S(=O)(=O)N2CCN(C(=O)c3cn(Cc4ccccc4)nn3)CC2)cc1,0,1695605
162657774,COc1cccc(Cn2cc(C(=O)N3CCN(S(=O)(=O)c4ccccc4)CC3)nn2)c1,0,1695605
162659089,O=C(c1cn(Cc2ccc(F)cc2)nn1)N1CCN(S(=O)(=O)c2ccccc2)CC1,0,1695605
162659295,COc1cccc(Cn2cc(C(=O)N3CCN(S(=O)(=O)c4ccc(Br)cc4)CC3)nn2)c1,0,1695605
31769999,O=C(c1cn(Cc2ccccc2)nn1)N1CCN(S(=O)(=O)c2ccccc2)CC1,0,1695605
162663371,COc1ccc(S(=O)(=O)N2CCN(C(=O)c3cn(Cc4ccc(F)cc4)nn3)CC2)cc1,0,1695605
162664239,O=C(c1cn(Cc2ccc(F)cc2)nn1)N1CCN(S(=O)(=O)c2ccc(Br)cc2)CC1,0,1695605
162666164,O=C(c1cn(Cc2ccc(I)cc2)nn1)N1CCN(S(=O)(=O)c2ccc(Cl)cc2)CC1,1,1695605
162666848,COc1ccc(S(=O)(=O)N2CCN(C(=O)c3cn(Cc4ccc(I)cc4)nn3)CC2)cc1,0,1695605
162667120,CC(C)(C)c1ccc(S(=O)(=O)N2CCN(C(=O)c3cn(Cc4ccc(F)cc4)nn3)CC2)cc1,0,1695605
162667296,COc1ccc(S(=O)(=O)N2CCN(C(=O)c3cn(Cc4cccc(OC)c4)nn3)CC2)cc1,0,1695605
31770034,O=C(c1cn(Cc2ccccc2)nn1)N1CCN(S(=O)(=O)c2ccc(Cl)cc2)CC1,0,1695605
162677190,COc1cccc(Cn2cc(C(=O)N3CCN(S(=O)(=O)c4ccc(C(C)(C)C)cc4)CC3)nn2)c1,0,1695605
162653734,Cc1ccc(S(=O)(=O)N2CCN(C(=O)c3cn(Cc4cccc(Oc5ccccc5)c4)nn3)CC2)cc1,0,1695605
162657393,COc1ccc(S(=O)(=O)N2CCN(C(=O)c3cn(Cc4cccc(Oc5ccccc5)c4)nn3)CC2)cc1,1,1695605
162659740,O=C(c1cn(Cc2cccc(Oc3ccccc3)c2)nn1)N1CCN(S(=O)(=O)c2ccc(Br)cc2)CC1,1,1695605
162660759,CC(C)(C)c1ccc(S(=O)(=O)N2CCN(C(=O)c3cn(Cc4cccc(Oc5ccccc5)c4)nn3)CC2)cc1,1,1695605
162663290,O=C(c1cn(Cc2cccc(Oc3ccccc3)c2)nn1)N1CCN(S(=O)(=O)c2ccc(Cl)cc2)CC1,1,1695605
162672567,O=C(c1cn(Cc2cccc(Oc3ccccc3)c2)nn1)N1CCN(S(=O)(=O)c2ccccc2)CC1,0,1695605
5470526,COC(=O)/C=C/C1(O)C=CC(=O)C=C1,1,1623818
137632883,Cc1nnc(-c2cc3c(s2)C(=O)c2ccccc2C3=O)o1,1,1466262
137641928,CCCCc1nnc(-c2cc3c(s2)C(=O)c2ccccc2C3=O)o1,1,1466262
137643413,O=C1c2ccccc2C(=O)c2sc(-c3nnco3)cc21,1,1466262
137652879,CCc1nnc(-c2cc3c(s2)C(=O)c2ccccc2C3=O)o1,1,1466262
160876,COc1cc2c(cc1OC)-c1cc3ccc4c(c3c[n+]1CC2)OCO4,1,1653971
42600447,COc1ccc(CSCCN(CCSCc2ccc(OC)cc2)CC(=O)Nc2c[nH]c(=O)[nH]c2=O)cc1,1,352127
137646539,CCc1noc(C2=CC(=O)c3ccccc3C2=O)n1,0,1466262
5283734,C=C1/C(=C\C=C2/CCC[C@]3(C)[C@@H]([C@H](C)CC[C@@H](O)C(C)C)CC[C@@H]23)C[C@@H](O)C[C@@H]1O,1,776668
71463007,COc1cc(/C=C\c2cc3ccccc3s2)cc(OC)c1OC,1,716409
127048575,CC(C)(C)C1=CC(=O)C(NCc2ccccc2)=CC1=O,0,1310575
127049797,CC(C)(C)C1=CC(=O)C=C(NCc2ccccc2)C1=O,0,1310575
137644551,N=NC(=O)c1cc2c(O)c3ccccc3c(O)c2s1,1,1466262
11656145,CC(=O)c1c(O)c([C@@H]2O[C@H](CO)[C@@H](O)[C@H](O)[C@H]2O)c(O)c([C@@H]2O[C@H](CO)[C@@H](O)[C@H](O)[C@H]2O)c1O,0,1591992
137654751,O=C1c2ccccc2C(=O)c2sc(-c3nn[nH]n3)cc21,0,1466262
4891,O=C(C1CCCCC1)N1CC(=O)N2CCc3ccccc3C2C1,0,1683377
72186,CC1=CCC[C@H]2[C@](C)(CC3=CC(=O)C=CC3=O)[C@@H](C)CC[C@]12C,0,1310575
127049235,CCCCNC1=CC(=O)C(C[C@]2(C)[C@@H](C)CC[C@]3(C)C(C)=CCC[C@@H]23)=CC1=O,0,1310575
127051400,CCCCNC1=CC(=O)C=C(C[C@]2(C)[C@@H](C)CC[C@]3(C)C(C)=CCC[C@@H]23)C1=O,0,1310575
127051401,CCCCCCCCNC1=CC(=O)C=C(C[C@]2(C)[C@@H](C)CC[C@]3(C)C(C)=CCC[C@@H]23)C1=O,0,1310575
127052266,CCCCCCCCNC1=CC(=O)C(C[C@]2(C)[C@@H](C)CC[C@]3(C)C(C)=CCC[C@@H]23)=CC1=O,0,1310575
54929,O=c1[nH]c(=O)n(COCCO)cc1Cc1ccccc1,0,1054079
70685044,COc1ccc2nc(C)cc(OCC(=O)Nc3ccccc3OC)c2c1,0,1299857
112787482,COc1ccc2nc(C)cc(OCC(=O)Nc3cccc(Cl)c3)c2c1,0,1299857
112787453,COc1ccc2nc(C)cc(OCC(=O)Nc3ccc(Br)cc3)c2c1,0,1299857
112787480,COc1ccc2nc(C)cc(OCC(=O)Nc3ccccc3)c2c1,0,1299857
112787467,COc1cccc(NC(=O)COc2cc(C)nc3ccc(OC)cc23)c1,0,1299857
112787472,COc1ccc(NC(=O)COc2cc(C)nc3ccc(OC)cc23)cc1,0,1299857
127051993,COc1ccc(NC(=O)COc2cc(C)nc3ccc(OC)cc23)c(OC)c1,0,1299857
112787469,COc1ccc2nc(C)cc(OCC(=O)Nc3ccccc3C)c2c1,0,1299857
127052878,COc1ccc2nc(C)cc(OCC(=O)Nc3ccc(C(F)(F)F)cc3)c2c1,0,1299857
127052879,COc1ccc2nc(C)cc(OCC(=O)Nc3ccccc3Cl)c2c1,0,1299857
112787487,COc1ccc2nc(C)cc(OCC(=O)Nc3ccc(Cl)cc3)c2c1,0,1299857
182227,COC(=O)[C@@]12Oc3ccc(-c4ccc5c(c4O)C(O)=C4C(=O)C[C@H](C)[C@H](O)[C@]4(C(=O)OC)O5)c(O)c3C(O)=C1C(=O)C[C@H](C)[C@@H]2O,0,468209
137645121,c1cncc(-c2nnc(Cc3nc4ccccc4[nH]3)o2)c1,0,1428365
5281767,COc1cc(/C=C/C(=O)/C=C(O)/C=C/c2ccc(O)c(OC)c2)ccc1O,0,517515
44614015,COC(=O)c1c(Oc2c(C)c(Cl)c(OC)c(Cl)c2O)cc(OC)c(Cl)c1C,0,468209
137007153,Nc1nc2c(ncn2C(=O)CCC(=O)OC[C@H]2O[C@H](O[C@H]3O[C@H](CO)[C@@H](O)[C@H](O)[C@H]3O)[C@H](O)[C@@H](O)[C@@H]2O)c(=O)[nH]1,0,1191700
164618389,O=[N+]([O-])c1ccc(O)c(C(c2ccc(C(F)(F)F)cc2)N2CCc3ccccc32)c1,0,1778377
164623203,Cc1ccccc1C(c1cc([N+](=O)[O-])ccc1O)N1CCc2cc(Br)ccc21,1,1778377
164609366,Cc1ccccc1C(c1cc([N+](=O)[O-])ccc1O)N1CCc2cc(Cl)ccc21,1,1778379
164615435,O=[N+]([O-])c1ccc2c(c1)CCN2C(c1ccc(C(F)(F)F)cc1)c1cc([N+](=O)[O-])ccc1O,1,1778379
59052017,CC(C(=O)NNC(=O)NC1CCCCC1)c1cccc(Cc2ccccc2)c1,0,653273
13711,Nc1ccn([C@H]2C[C@H](O)[C@@H](CO)O2)c(=O)n1,0,1122016
125618,Nc1nc(=O)n([C@H]2C[C@H](O)[C@@H](CO)O2)cc1C(F)(F)F,0,1122016
59051742,CC(C)Cc1ccc(C(C)C(=O)NNC(=O)NCC2CCCCC2)cc1,0,653273
72322,c1c2c(cc3c1OCO3)-c1cc3ccc4c(c3c[n+]1CC2)OCO4,1,1653971
2202,O=C1c2c(O)cccc2Cc2cccc(O)c21,1,688886
122195425,CCOC(=O)CC1c2cccc(O)c2C(=O)c2c(O)cccc21,1,1257025
122195426,O=C(O)CC1c2cccc(O)c2C(=O)c2c(O)cccc21,1,1257025
122195433,CCCCNC(=O)CC1c2cccc(O)c2C(=O)c2c(O)cccc21,1,1257025
122195434,CCCCCCCCCCCCNC(=O)CC1c2cccc(O)c2C(=O)c2c(O)cccc21,1,1257025
6441498,O=C(/C=C/c1ccc(O)c2c1[C@H](C(=O)O)[C@@H](c1ccc(O)c(O)c1)O2)O[C@H](Cc1ccc(O)c(O)c1)C(=O)O,0,415752
25256837,COC(=O)[C@H]1c2c(/C=C/C(=O)O[C@H](Cc3ccc(O)c(O)c3)C(=O)O)ccc(O)c2O[C@@H]1c1ccc(O)c(O)c1,0,415752
25256838,COC(=O)[C@@H](Cc1ccc(O)c(O)c1)OC(=O)/C=C/c1ccc(O)c2c1[C@H](C(=O)O)[C@@H](c1ccc(O)c(O)c1)O2,0,415752
137643484,NS(=O)(=O)c1cc(-c2nnc(CN3CCN(c4ccc(F)cc4)CC3)o2)c(Cl)cc1SCc1ccccc1,0,1470746
137648976,NS(=O)(=O)c1cc(-c2nnc(CN3CCN(c4ccc(Cl)cc4)CC3)o2)c(Cl)cc1SCc1ccccc1,0,1470746
137638127,O=C1c2ccccc2C(=O)c2sc(-c3nncs3)cc21,1,1466262
137647442,CCc1nnc(-c2cc3c(s2)C(=O)c2ccccc2C3=O)s1,0,1466262
137652998,Cc1nnc(-c2cc3c(s2)C(=O)c2ccccc2C3=O)s1,1,1466262
73346488,CCC(CC)(c1ccc(OCC(=O)C(C)(C)C)c(C)c1)c1ccc(C(=O)N[C@@H](CC(=O)O)C(=O)O)n1C,0,776667
73349524,CCC(CC)(c1ccc(OCC(O)C(C)(C)C)c(C)c1)c1ccc(C(=O)NCCC(=O)O)n1C,0,776667
73349525,CCn1c(C(=O)NCC(=O)OC)ccc1C(CC)(CC)c1ccc(OCC(=O)C(C)(C)C)c(C)c1,0,776667
73349527,CCC(CC)(c1ccc(OCC(=O)C(C)(C)C)c(C)c1)c1ccc(C(=O)NCC(=O)OC)n1C,0,776667
73352550,CCn1c(C(=O)NCCC(=O)O)ccc1C(CC)(CC)c1ccc(OCC(O)C(C)(C)C)c(C)c1,0,776667
73352551,CCC(CC)(c1ccc(OCC(O)C(C)(C)C)c(C)c1)c1ccc(C(=O)NCCCO)n1C,0,776667
73355572,CCn1c(C(=O)N[C@@H](C)C(=O)O)ccc1C(CC)(CC)c1ccc(OCC(O)C(C)(C)C)c(C)c1,0,776667
73357115,CCC(CC)(c1ccc(OCC(=O)C(C)(C)C)c(C)c1)c1ccc(C(=O)N[C@@H](C)C(=O)O)n1C,0,776667
73346485,CCn1c(C(=O)N[C@H](CO)CCO)ccc1C(CC)(CC)c1ccc(OCC(O)C(C)(C)C)c(C)c1,1,776668
73346489,CCC(CC)(c1ccc(OCC(=O)C(C)(C)C)c(C)c1)c1ccc(C(=O)NCCC(=O)OC)n1C,0,776668
73347982,CCn1c(C(=O)N[C@@H](C)CO)ccc1C(CC)(CC)c1ccc(OCC(O)C(C)(C)C)c(C)c1,1,776668
73351080,CCn1c(C(=O)NCCO)ccc1C(CC)(CC)c1ccc(OCC(O)C(C)(C)C)c(C)c1,1,776668
73352548,CCC(CC)(c1ccc(OCC(O)C(C)(C)C)c(C)c1)c1ccc(C(=O)NCC(=O)O)n1C,1,776668
73355573,CCC(CC)(c1ccc(OCC(O)C(C)(C)C)c(C)c1)c1ccc(C(=O)N[C@@H](C)CO)n1C,0,776668
73355574,CCC(CC)(c1ccc(OCC(O)C(C)(C)C)c(C)c1)c1ccc(C(=O)N[C@H](CO)CCO)n1C,1,776668
137653143,c1ccc(Cc2nnc(Cc3nc4ccccc4[nH]3)o2)cc1,0,1428365
137653418,Clc1ccc2nc(Cc3nnc(Cc4ccccc4)o3)[nH]c2c1,0,1428365
137654543,Cc1ccccc1Cc1nnc(Cc2nc3ccccc3[nH]2)o1,0,1428365
155525440,O=Cc1c(O)ccc2oc(-c3ccco3)nc12,0,1532052
5280934,CC/C=C\C/C=C\C/C=C\CCCCCCCC(=O)O,1,574406
5283454,CCCCCCCC/C=C\CCCCCCCC(=O)NCCO,1,574406
6436377,CCCCCCCC/C=C\CCCCCCCC(=O)NC(C)C,1,574406
11809282,CCCCCCCCCCCCCCCC(=O)NCCCl,1,574406
5063962,CCCCCCCCCCCCCCCC(=O)NC(C)C,1,574406
4671,CCCCCCCCCCCCCCCC(=O)NCCO,1,574406
10569111,CCCCCCCC/C=C\CCCCCCCC(=O)N[C@H](C)CO,1,574406
10712001,CCCCC/C=C\C/C=C\CCCCCCCC(=O)N[C@H](C)CO,1,574406
5283446,CCCCC/C=C\C/C=C\CCCCCCCC(=O)NCCO,1,574406
151008,CCCCCCCCCCCCCCCC(=O)NCC(=O)O,1,574406
6436908,CCCCCCCC/C=C\CCCCCCCC(=O)NCC(=O)O,1,574406
6433346,CCCCC/C=C\C/C=C\CCCCCCCC(=O)NCC(=O)O,1,574406
5283449,CC/C=C\C/C=C\C/C=C\CCCCCCCC(=O)NCCO,1,574406
53317468,CCCCCCCC/C=C/C(=O)CCCCCCC(=O)NCCCl,1,574406
11515538,CC/C=C\C/C=C\C/C=C\CCCCCCCC(=O)NCC(=O)O,1,574406
53317471,CC/C=C\C/C=C\C/C=C\C=C/C/C=C\C/C=C\CCC(=O)NCC(O)CO,1,574406
53318747,CCCCCCCCC(=O)/C=C/CCCCCCC(=O)NCC(O)CO,1,574406
53318748,CCCCCCCC/C=C/C(=O)CCCCCCC(=O)NCC(O)CO,1,574406
11002017,CCCCCCCCCCCCCCCC(=O)NCC(O)CO,1,574406
53318750,CC/C=C\C/C=C\C/C=C\CCCCCCCC(=O)N[C@H](C)CO,1,574406
53318751,CCCCCCCC/C=C\CCCCCCCCCCCC(=O)N[C@H](C)CO,1,574406
53318764,CCCCCCCC/C=C/C(=O)CCCCCCC(=O)NC(C)C,1,574406
53318765,CCCCCCCC/C=C/C(=O)CCCCCCC(=O)NCCO,1,574406
53320066,CCCCCCC/C=C/C(=O)CCCCCCCC(=O)NCC(=O)O,1,574406
53320067,CCCCCCCC/C=C/C(=O)CCCCCCC(=O)NCC(=O)O,1,574406
53320068,CC/C=C\C/C=C\C/C=C\CCCCCCCC(=O)NCC(O)CO,1,574406
53320069,CCCCC/C=C\C/C=C\CCCCCCCC(=O)NCC(O)CO,1,574406
53320086,CCCCCCCCC(=O)/C=C/CCCCCCC(=O)NC(C)C,1,574406
53321373,CCCCCCCC(=O)/C=C/CCCCCCCC(=O)NCCCl,1,574406
15667271,CCCCCCCCCCCCCCCC(=O)N[C@H](C)CO,1,574406
53321375,CCCCCCCC/C=C\CCCCCCCC(=O)NCCCl,1,574406
6444518,CCCCC/C=C\C/C=C\CCCCCCCC(=O)NC(C)C,1,574406
53321376,CCCCCCCC/C=C\CCCCCCCCCCCC(=O)NC(C)C,1,574406
6436482,CCCCCCCC/C=C\CCCCCCCCCCCC(=O)NCCO,1,574406
53321377,CCCCCCCC/C=C\CCCCCCCCCCCC(=O)NCC(O)CO,1,574406
53321394,CCCCCCCC(=O)/C=C/CCCCCCCC(=O)N[C@H](C)CO,1,574406
53321666,CC/C=C\C/C=C\C/C=C\CCCCCCCC(=O)NC(C)C,1,574406
53322693,CCCCCCC/C=C/C(=O)CCCCCCCC(=O)NCCCl,1,574406
53322694,CCCCCCCC(=O)/C=C/CCCCCCCC(=O)NCC(O)CO,1,574406
53322696,CC/C=C\C/C=C\C/C=C\CCCCCCCC(=O)NCCCl,1,574406
53322933,CCCCCCCC(=O)/C=C/CCCCCCCC(=O)NCCO,1,574406
53324035,CCCCCCCCC(=O)/C=C/CCCCCCC(=O)N[C@H](C)CO,1,574406
53324036,CCCCCCCC/C=C/C(=O)CCCCCCC(=O)N[C@H](C)CO,1,574406
53324037,CCCCCCCC/C=C\CCCCCCCC(=O)NCC(O)CO,1,574406
53324038,CC/C=C\C/C=C\C/C=C\C=C/C/C=C\C/C=C\CCC(=O)O,1,574406
53324039,CC/C=C\C/C=C\C/C=C\C=C/C/C=C\C/C=C\CCC(=O)NC(C)C,1,574406
53324040,CC/C=C\C/C=C\C/C=C\C=C/C/C=C\C/C=C\CCC(=O)N[C@H](C)CO,1,574406
53324054,CCCCCCCC(=O)/C=C/CCCCCCCC(=O)NC(C)C,1,574406
53324055,CCCCCCCCC(=O)/C=C/CCCCCCC(=O)NCCO,1,574406
53324056,CCCCCCC/C=C/C(=O)CCCCCCCC(=O)NCCO,1,574406
53325343,CCCCCCC/C=C/C(=O)CCCCCCCC(=O)N[C@H](C)CO,1,574406
53325344,CC/C=C\C/C=C\C/C=C\C=C/C/C=C\C/C=C\CCC(=O)NCCO,1,574406
53325345,CC/C=C\C/C=C\C/C=C\C=C/C/C=C\C/C=C\CCC(=O)NCCCl,1,574406
53325365,CCCCCCC/C=C/C(=O)CCCCCCCC(=O)NC(C)C,1,574406
53326592,CCCCCCCCC(=O)/C=C/CCCCCCC(=O)NCCCl,1,574406
53326593,CCCCCCC/C=C/C(=O)CCCCCCCC(=O)NCC(O)CO,1,574406
53326595,CCCCCCCC/C=C\CCCCCCCCCCCC(=O)NCCCl,1,574406
53326681,CCCCC/C=C\C/C=C\CCCCCCCC(=O)NCCCl,1,574406
53326887,CC/C=C\C/C=C\C/C=C\C=C/C/C=C\C/C=C\CCC(=O)NCC(=O)O,1,574406
9577379,C[S@@](=O)CCCCN=C=S,1,1168129
51548323,C[S@@](=O)CCCCCN=C=S,1,1168129
51548324,C[S@](=O)CCCCCN=C=S,1,1168129
89555456,C[S@@](=O)CCCCCCN=C=S,1,1168129
94046233,C[S@](=O)CCCCCCN=C=S,1,1168129
118714898,CC[S@@](=O)CCCCN=C=S,1,1168129
118714899,CCCC[S@@](=O)CCCCN=C=S,1,1168129
155518067,CCCCCCCCCC(=O)NCC(NC(=O)CCCCCCCCC)C(=O)N[C@@H](CCCCN)C(=O)N[C@@H](CCCCN)C(=O)N[C@@H](CCCCN)C(N)=O,0,1611086
155538583,CCCCCCCCCC(=O)NCCC(NC(=O)CCCCCCCCC)C(=O)N[C@@H](CCCCN)C(=O)N[C@@H](CCCCN)C(=O)N[C@@H](CCCCN)C(N)=O,1,1611086
155546218,CCCCCCCCCCCC(=O)NCCCC[C@H](NC(=O)CCCCCCCCCCC)C(=O)N[C@@H](CCCCN)C(=O)N[C@@H](CCCCN)C(=O)N[C@@H](CCCCN)C(N)=O,0,1611086
155555541,CCCCCCCCCC(=O)NCCCC[C@H](NC(=O)CCCCCCCCC)C(=O)N[C@@H](CCCCN)C(=O)N[C@@H](CCCCN)C(=O)N[C@@H](CCCCN)C(N)=O,0,1611086
155569295,CCCCCCCCCCCC(=O)NCCC(NC(=O)CCCCCCCCCCC)C(=O)N[C@@H](CCCCN)C(=O)N[C@@H](CCCCN)C(=O)N[C@@H](CCCCN)C(N)=O,0,1611086
155569488,CCCCCCCCCCCC(=O)NCC(NC(=O)CCCCCCCCCCC)C(=O)N[C@@H](CCCCN)C(=O)N[C@@H](CCCCN)C(=O)N[C@@H](CCCCN)C(N)=O,0,1611086
155540612,CCCCCCCCCCCCCC[C@@H](OP(=O)(O)O)[C@@H](O)CCCO,0,1631576
155560547,CCCCCCCCCCCCCC[C@@H](OP(=O)(O)O)[C@@H](O)CC[C@@H](O)[C@@H](O)CC[C@@H](O)CCCCCCC(=O)NCC(=O)O,0,1631576
155568773,O=C(O)CNC(=O)CCCCCC[C@H](O)CCCO,0,1631576
137635491,CCc1noc(-c2ccc(C(=O)c3ccccc3)s2)n1,0,1466262
21600068,CC1=C(CC/C(C)=C/CC[C@@]2(C)CC[C@H]([C@H](C)C(=O)O)OO2)C(C)(C)CCC1,0,767788
137661754,c1ccc(C(c2ccccc2)c2nnc(Cc3nc4ccccc4[nH]3)o2)cc1,0,1428365
72711417,Cc1c(CNCCO)c(O)[nH]c(=O)c1C#N,0,1054079
79516,Cc1cc(=O)[nH]c(O)c1C#N,0,1054079
145950544,Cc1cc(S(=O)(=O)/N=C(\N)n2nccc2-c2ccccc2)c(SCc2cc3c(cc2Cl)OCO3)cc1Cl,0,1361026
127031442,CC(C)c1ccc(/C=C/C(=O)N[C@H]2[C@H](O[C@H]3CC[C@]4(C)[C@H]5CC=C6[C@@H]7CC(C)(C)CC[C@]7(C(=O)O)CC[C@@]6(C)[C@]5(C)CC[C@H]4C3(C)C)O[C@H](CO[C@@H]3OC[C@H](O)[C@H](O)[C@H]3O)[C@@H](O)[C@@H]2O)cc1,0,1285142
703492,O=Cc1cn(-c2ccccc2)nc1-c1ccc(Cl)cc1,0,1244543
555820,O=Cc1cn(-c2ccccc2)nc1-c1ccccc1,0,1244543
700989,O=Cc1cn(-c2ccccc2)nc1-c1ccc(F)cc1,0,1244543
792340,COc1ccc(-c2nn(-c3ccccc3)cc2C=O)cc1,0,1244543
137636403,c1coc(-c2nnc(Cc3nc4ccccc4[nH]3)o2)c1,0,1428365
137658029,CCc1noc(-c2ccc3c(c2)C(=O)c2ccccc2C3=O)n1,0,1466262
137007152,COCCOCCOCCn1cnc2c(=O)[nH]c(N)nc21,0,1191700
134150628,COc1cc(/C=C\c2ccc3c(c2)oc(=O)n3C)cc(OC)c1OC,1,1317594
44304860,O=C1c2ccccc2C(=O)c2sc([N+](=O)[O-])cc21,1,1466262
392893,CC(=O)c1cc2c(s1)C(=O)c1ccccc1C2=O,1,1466262
137631590,O=C1c2ccccc2C(=O)c2c([N+](=O)[O-])csc21,1,1466262
137633014,N#Cc1cc2c(s1)C(=O)c1ccccc1C2=O,1,1466262
137639248,COC(=O)c1cc2c(s1)C(=O)c1ccccc1C2=O,1,1466262
137644616,CCCC(=O)Nc1cc2c(s1)C(=O)c1ccccc1C2=O,1,1466262
137645344,CCC(=O)Nc1cc2c(s1)C(=O)c1ccccc1C2=O,1,1466262
137650784,Cc1cc2c(s1)C(=O)c1ccccc1C2=O,1,1466262
137653392,CN/N=C/c1cc2c(s1)C(=O)c1ccccc1C2=O,0,1466262
137656768,O=Cc1cc2c(s1)C(=O)c1ccccc1C2=O,1,1466262
137657261,CC(C)C(=O)Nc1cc2c(s1)C(=O)c1ccccc1C2=O,1,1466262
137658024,CC(=O)/C=C/c1cc2c(s1)C(=O)c1ccccc1C2=O,0,1466262
137660082,Nc1cc2c(s1)C(=O)c1ccccc1C2=O,0,1466262
137661797,O=C(O)c1cc2c(s1)C(=O)c1ccccc1C2=O,0,1466262
690788,O=[N+]([O-])c1ccc(O)c(C=Nc2cccc(Cl)c2)c1,0,1567145
690749,O=[N+]([O-])c1ccc(O)c(C=Nc2ccccc2Cl)c1,0,1567145
137643857,O=C(/C=C/c1cc2c(s1)C(=O)c1ccccc1C2=O)c1ccccc1,0,1466262
155567995,CC(=O)c1c(O)c([C@@H]2O[C@H](CO)[C@@H](O)[C@H](O)[C@H]2O)c(O)c([C@@H]2O[C@H](COC(=O)c3ccccc3)[C@@H](O)[C@H](O)[C@H]2O)c1O,0,1591992
162659724,C=C1COc2cc3c(cc21)-c1c(cc(OC)c(OC)c1OC)CC[C@@H]3NC(=O)CO,1,1673960
162652395,COc1cc2c(c(OC)c1OC)-c1cc3c(cc1[C@@H](NC(C)=O)CC2)OC/C3=C(\C)CCC=C(C)C,1,1704304
162655808,COc1cc2c(c(OC)c1OC)-c1cc3c(cc1[C@@H](NC(C)=O)CC2)OCC3=C(C)C,1,1704304
162669085,C/C=C1/COc2cc3c(cc21)-c1c(cc(OC)c(OC)c1OC)CC[C@@H]3NC(C)=O,1,1704304
162672638,CC/C=C1/COc2cc3c(cc21)-c1c(cc(OC)c(OC)c1OC)CC[C@@H]3NC(C)=O,1,1704304
162673548,C=C1c2cc3c(cc2OC1(F)F)[C@@H](NC(C)=O)CCc1cc(OC)c(OC)c(OC)c1-3,1,1704304
154573904,C=C1COc2cc3c(cc21)-c1c(cc(OC)c(OC)c1OC)CC[C@@H]3NC(C)=O,1,1704304
127051962,COc1ccc2nc(C)cc(OCC(=O)Nc3ccc4c(c3)OCO4)c2c1,0,1299857
5978,CC[C@]1(O)C[C@H]2CN(CCc3c([nH]c4ccccc34)[C@@](C(=O)OC)(c3cc4c(cc3OC)N(C=O)[C@H]3[C@@](O)(C(=O)OC)[C@H](OC(C)=O)[C@]5(CC)C=CCN6CC[C@]43[C@@H]65)C2)C1,1,1631494
637858,COc1cc(/C=C/C(=O)N2CCC=CC2=O)cc(OC)c1OC,0,1168751
145951973,Fc1ccc(-n2nnnc2NCc2ccco2)cc1Cl,0,1361590
137537796,Cc1ccc(-n2nnnc2NCc2ccco2)cc1Cl,0,1361590
5328042,Nc1ccc2ncnc(Nc3cccc(Br)c3)c2c1,0,1303329
127043608,O=C(CCN=C=S)Nc1ccc2ncnc(Nc3cccc(Br)c3)c2c1,0,1303329
127043609,O=C(CCCN=C=S)Nc1ccc2ncnc(Nc3cccc(Br)c3)c2c1,0,1303329
127043610,O=C(CCCCN=C=S)Nc1ccc2ncnc(Nc3cccc(Br)c3)c2c1,0,1303329
127043611,O=C(CCCCCN=C=S)Nc1ccc2ncnc(Nc3cccc(Br)c3)c2c1,0,1303329
127044206,S=C=Nc1ccc2ncnc(Nc3cccc(Br)c3)c2c1,1,1303329
127045031,O=C(CCCCCCN=C=S)Nc1ccc2ncnc(Nc3cccc(Br)c3)c2c1,0,1303329
101719570,CCCCCCCCCC/C=C1/C(=O)O[C@@H](C)[C@H]1O,0,1383734
10265812,CCCCCCCCCCC/C=C1/C(=O)O[C@@H](C)[C@H]1O,0,1383734
102531316,CCCCCCCCC/C=C1/C(=O)O[C@@H](C)[C@H]1O,0,1383734
11301366,CCCCCCCCCCCCC/C=C1/C(=O)O[C@@H](C)[C@H]1O,0,1383734
142746546,CCCCCCCCCCCC/C=C1/C(=O)O[C@@H](C)[C@H]1O,0,1383734
166626019,COC(=O)C1=Nc2ccc(F)cc2/C1=C/c1sc(=O)[nH]c1S,0,1832979
166635151,COC(=O)C1=Nc2ccc(F)cc2/C1=C/c1sc(=O)[nH]c1O,0,1832979
122180687,C[C@]12C=C[C@@]3(CC[C@@H]4[C@@](C)(CO)CCC[C@@]4(C)[C@@H]3CC1)C2,0,1655439
59051880,CC(C(=O)NNC(=O)NC1CCCCC1)c1cccc(Oc2ccccc2)c1,0,653273
155511013,O=Cc1c(O)ccc2oc(-c3cccc4ccccc34)nc12,0,1532052
137642950,C1=CC2=C(Cc3nnc(Cc4nc5ccccc5[nH]4)o3)CNC2C=C1,0,1428365
137537942,FC(F)(F)c1ccc(-n2nnnc2Nc2nccs2)cc1,0,1361590
137537905,Fc1ccc(-n2nnnc2Nc2nccs2)cc1Cl,0,1361590
137635827,NS(=O)(=O)c1cc(-c2nnc(/C=C/c3ccccc3)o2)c(Cl)cc1SCc1ccccc1,0,1470746
137637018,NS(=O)(=O)c1cc(-c2nnc(/C=C/c3cccc(Cl)c3)o2)c(Cl)cc1SCc1ccccc1,0,1470746
137648424,NS(=O)(=O)c1cc(-c2nnc(/C=C/c3ccc(Br)cc3)o2)c(Cl)cc1SCc1ccccc1,0,1470746
137662126,NS(=O)(=O)c1cc(-c2nnc(/C=C/c3c(Cl)cccc3Cl)o2)c(Cl)cc1SCc1ccccc1,0,1470746
68244,COc1c(Cl)c(C)c2c(c1Cl)OC(=O)c1c(C)c(Cl)c(O)c(Cl)c1O2,0,468209
46879135,COc1c(Cl)c(C)c2c(c1Cl)OC(=O)c1c(cc(O)c(Cl)c1C)O2,1,468209
14805248,COc1cc2c(c(C)c1Cl)Oc1cc(OC)c(Cl)c(C)c1C(=O)O2,1,468209
122195437,COc1ccc(CNC(=O)CC2c3cccc(O)c3C(=O)c3c(O)cccc32)c(OC)c1,1,1257025
59051883,CC(C(=O)NNC(=O)NCCc1ccccc1)c1cccc(Oc2ccccc2)c1,0,653273
155561630,Cc1ccc(-c2cn(Cc3ccc4ccccc4c3)nn2)cc1C(=O)NCCN1CCOCC1,0,1636649
145958066,N/C(=N\S(=O)(=O)c1ccccc1SCc1cccc2ccccc12)NNc1nc(Cl)nc(Nc2ccc(S(N)(=O)=O)cc2)n1,0,1347720
46881370,C=C1C(=O)O[C@H](C2=C(C)[C@@H](OC)CC2=O)[C@@H]1CCC(C)=O,0,467234
45111066,C=C1C(=O)O[C@H](C2=C(C)[C@@H](O)CC2=O)[C@@H]1CCC(C)=O,0,467234
46881371,C=C1C(=O)O[C@H](C2=C(C)C(O)CC2=O)[C@@H]1CCC(C)=O,0,467234
46881372,C=C1C(=O)O[C@H](C2=C(C)C(OC)CC2=O)[C@@H]1[C@@H](O)CC(C)=O,0,467234
137642229,CCc1noc(-c2cc3c(s2)C(=O)c2ccccc2C3=O)n1,1,1466262
4055,CC1=CC(=O)c2ccccc2C1=O,0,1466262
162651971,COC(=O)c1ccc2c(c1)[C@@H](NC(=O)CO)CCc1cc(OC)c(OC)c(OC)c1-2,1,1673960
162645256,C/C=C/C=C/C(=O)OCC(=O)N[C@H]1CCc2cc(OC)c(OC)c(OC)c2-c2ccc(C(=O)OC)cc21,1,1695275
162646057,C=CC(=O)OCC(=O)N[C@H]1CCc2cc(OC)c(OC)c(OC)c2-c2ccc(C(=O)OC)cc21,1,1695275
162646465,C=CC(=O)NCC(=O)N[C@H]1CCc2cc(OC)c(OC)c(OC)c2-c2ccc(C(=O)OC)cc21,1,1695275
162654332,C/C=C/C(=O)OCC(=O)N[C@H]1CCc2cc(OC)c(OC)c(OC)c2-c2ccc(C(=O)OC)cc21,1,1695275
162658856,C/C=C/C(=O)NCC(=O)N[C@H]1CCc2cc(OC)c(OC)c(OC)c2-c2ccc(C(=O)OC)cc21,1,1695275
162659260,COC(=O)c1ccc2c(c1)[C@@H](NC(=O)COC(=O)C=C(C)C)CCc1cc(OC)c(OC)c(OC)c1-2,1,1695275
162660476,COC(=O)c1ccc2c(c1)[C@@H](NC(=O)CNC(=O)/C=C/C(F)(F)F)CCc1cc(OC)c(OC)c(OC)c1-2,1,1695275
162667928,COC(=O)c1ccc2c(c1)[C@@H](NC(=O)COC(=O)/C=C/C(F)(F)F)CCc1cc(OC)c(OC)c(OC)c1-2,1,1695275
162668795,COC(=O)c1ccc2c(c1)[C@@H](NC(=O)COC(=O)CC(C)SC[C@@H](NC(C)=O)C(=O)OC)CCc1cc(OC)c(OC)c(OC)c1-2,1,1695275
162672870,COC(=O)c1ccc2c(c1)[C@@H](NC(=O)CNC(=O)C=C(C)C)CCc1cc(OC)c(OC)c(OC)c1-2,1,1695275
162674765,C/C=C/C=C/C(=O)NCC(=O)N[C@H]1CCc2cc(OC)c(OC)c(OC)c2-c2ccc(C(=O)OC)cc21,1,1695275
145963659,Cc1cc(S(=O)(=O)/N=C(\N)N/N=C/C#Cc2ccccc2)c(SCc2cccc3ccccc23)cc1Cl,1,1491485
73337,COc1ccc2c(c1O)-c1c(O)c(OC)cc3c1[C@H](C2)[N+](C)(C)CC3,0,1653971
59051879,CC(C(=O)NNC(=O)NC1CCCC1)c1cccc(Oc2ccccc2)c1,0,653273
137649389,O=C1c2ccccc2C(=O)c2sc(/C=N/Nc3ccccc3)cc21,0,1466262
71740720,CC(=S)NCC1CN(c2ccc(-c3nc(C)no3)cc2)C(=O)O1,1,759686
13730,Nc1ncnc2c1ncn2[C@H]1C[C@H](O)[C@@H](CO)O1,0,1122016
21732848,Nc1ncnc2c1nc(C(F)(F)F)n2[C@H]1C[C@H](O)[C@@H](CO)O1,0,1122016
155521770,Cc1ccc(C(=O)/C=C/C(=O)N(C2CC2)C(C(=O)NCc2ccccc2)c2ncc(C)cn2)cc1,1,1564523
134133714,O=c1cc(OCc2ccc([N+](=O)[O-])cc2)c2ccc3ccccc3c2[nH]1,0,1331923
132495308,O=c1cc(OCc2ccccc2)c2ccc3ccccc3c2[nH]1,0,1331923
134150533,COc1ccc(COc2cc(=O)[nH]c3c2ccc2ccccc23)cc1,0,1331923
46927960,COc1cc(/C=C/C(=O)c2ccc(OCC=C(C)C)cc2OCC=C(C)C)cc(OC)c1OC,0,499654
101064754,COC1=CC(=O)c2c(O)c3c(c(O)c2C1=O)C[C@H](C)OC3=O,0,1631494
21778674,CC1=CCC[C@H]2[C@](C)(CC3=CC(=O)C=C(NCCc4ccccc4)C3=O)[C@@H](C)CC[C@]12C,0,1310575
155565118,COc1cc(/C=C/C(=O)OC[C@H]2O[C@@H](c3c(O)c(C(C)=O)c(O)c([C@@H]4O[C@H](CO)[C@@H](O)[C@H](O)[C@H]4O)c3O)[C@H](O)[C@@H](O)[C@@H]2O)ccc1O,0,1591992
154804568,CC(=O)c1c(O)c([C@@H]2O[C@H](CO)[C@@H](O)[C@H](O)[C@H]2O)c(O)c([C@@H]2O[C@H](COC(=O)/C=C/c3ccc(O)cc3)[C@@H](O)[C@H](O)[C@H]2O)c1O,0,1591992
145721293,CC(C)[C@@H]1NC(=O)[C@H](C)NC(=O)c2ccccc2NC(=O)[C@H](Cc2ccc(O)cc2)N(C)C1=O,0,1540500
59051741,CC(C)Cc1ccc(C(C)C(=O)NNC(=O)NC2CCCCC2)cc1,0,653273
127052267,CC1=CCC[C@H]2[C@](C)(CC3=CC(=O)C(NCCc4ccccc4)=CC3=O)[C@@H](C)CC[C@]12C,0,1310575
54675776,CN(C)[C@@H]1C(=O)C(C(N)=O)=C(O)[C@@]2(O)C(=O)C3=C(O)c4c(O)cccc4[C@@](C)(O)[C@H]3C[C@@H]12,1,1726845
59052019,CC(C(=O)NNC(=O)NCc1ccccc1)c1cccc(Cc2ccccc2)c1,0,653273
137647212,CCc1noc(-c2ccc(C(C)=O)cc2)n1,0,1466262
20678688,CCc1noc(-c2ccccc2)n1,0,1466262
163321285,CCCCCCCCCCCCCNCC(=O)N(CC(=O)N(CCCCN)CC(=O)N(CCN)CC(=O)N(CC(N)=O)C1CCCCC1)C1CCCCC1,0,1780197
145949447,Cc1cc(S(=O)(=O)/N=C(\N)n2nccc2-c2ccccc2)c(SCc2ccccc2)cc1Cl,0,1361026
145950878,Cc1cc(-c2ccccc2)n(/C(N)=N/S(=O)(=O)c2cc(C)c(Cl)cc2SCc2cccc(C(F)(F)F)c2)n1,0,1361026
145951130,Cc1cc(S(=O)(=O)/N=C(\N)n2nccc2-c2ccccc2)c(SCc2ccc(Cl)cc2)cc1Cl,0,1361026
145952118,Cc1cc(S(=O)(=O)/N=C(\N)n2nccc2-c2ccccc2)c(SCc2cccc(Cl)c2)cc1Cl,1,1361026
145952270,Cc1ccc(CSc2cc(Cl)c(C)cc2S(=O)(=O)/N=C(\N)n2nccc2-c2ccccc2)cc1,0,1361026
145952602,Cc1cc(S(=O)(=O)/N=C(\N)n2nccc2-c2ccccc2)c(SCc2ccccc2C)cc1Cl,0,1361026
145954610,Cc1ccc(CSc2cc(Cl)c(C)cc2S(=O)(=O)/N=C(\N)n2nc(C)cc2-c2ccccc2)cc1,0,1361026
145954782,Cc1cc(-c2ccccc2)n(/C(N)=N/S(=O)(=O)c2cc(C)c(Cl)cc2SCc2ccccc2)n1,1,1361026
145955351,Cc1cc(-c2ccccc2)n(/C(N)=N/S(=O)(=O)c2cc(C)c(Cl)cc2SCc2ccc(C(F)(F)F)cc2)n1,0,1361026
145957608,Cc1cc(S(=O)(=O)/N=C(\N)n2nccc2-c2ccccc2)c(SCc2ccccc2Cl)cc1Cl,0,1361026
145958398,Cc1cccc(CSc2cc(Cl)c(C)cc2S(=O)(=O)/N=C(\N)n2nccc2-c2ccccc2)c1,1,1361026
145958816,Cc1cc(S(=O)(=O)/N=C(\N)n2nccc2-c2ccccc2)c(SCc2ccc(C(F)(F)F)cc2)cc1Cl,0,1361026
145959666,Cc1cc(S(=O)(=O)/N=C(\N)n2nccc2-c2ccccc2)c(SCc2cccc(C(F)(F)F)c2)cc1Cl,0,1361026
145962088,Cc1cc(-c2ccccc2)n(/C(N)=N/S(=O)(=O)c2cc(C)c(Cl)cc2SCc2cccc(Cl)c2)n1,0,1361026
145971225,Cc1cc(S(=O)(=O)/N=C(\N)n2nccc2-c2ccccc2)c(SCc2ccccc2C(F)(F)F)cc1Cl,0,1361026
145975727,Cc1cc(-c2ccccc2)n(/C(N)=N/S(=O)(=O)c2cc(C)c(Cl)cc2SCc2ccc(Cl)cc2)n1,0,1361026
59051881,CC(C(=O)NNC(=O)NCC1CCCCC1)c1cccc(Oc2ccccc2)c1,0,653273
155522405,COc1ccccc1C(C(=O)NC1CCCCC1)N(C(=O)/C=C/C(=O)c1ccc(C)cc1)C1CCCCC1,1,1564523
137637799,CCc1noc(-c2ccc3c(c2)C(=O)C=CC3=O)n1,0,1466262
2764,O=C(O)c1cn(C2CC2)c2cc(N3CCNCC3)c(F)cc2c1=O,0,1519355
45482270,CCCCCCCCCCCCCCCC(=O)N1CCN(c2cc3c(cc2F)c(=O)c(C(=O)O)cn3C2CC2)CC1,0,1519355
155517338,CC/C=C\C/C=C\C/C=C\C/C=C\C/C=C\C/C=C\CCC(=O)N1CCN(c2cc3c(cc2F)c(=O)c(C(=O)O)cn3C2CC2)CC1,0,1519355
155519952,CCCCCCCC/C=C\CCCCCCCCCCCC(=O)N1CCN(c2cc3c(cc2F)c(=O)c(C(=O)O)cn3C2CC2)CC1,0,1519355
155531767,C/C=C/C=C/C(=O)N1CCN(c2cc3c(cc2F)c(=O)c(C(=O)O)cn3C2CC2)CC1,0,1519355
155534576,CC(C)=CCC/C(C)=C/C(=O)N1CCN(c2cc3c(cc2F)c(=O)c(C(=O)O)cn3C2CC2)CC1,0,1519355
155537816,CCCCCCCC/C=C\CCCCCCCC(=O)N1CCN(c2cc3c(cc2F)c(=O)c(C(=O)O)cn3C2CC2)CC1,0,1519355
155540225,CCCCCCCC/C=C/CCCCCCCC(=O)N1CCN(c2cc3c(cc2F)c(=O)c(C(=O)O)cn3C2CC2)CC1,0,1519355
155550366,CC/C=C\C/C=C\C/C=C\CCCCCCCC(=O)N1CCN(c2cc3c(cc2F)c(=O)c(C(=O)O)cn3C2CC2)CC1,0,1519355
155551758,C/C=C/C(=O)N1CCN(c2cc3c(cc2F)c(=O)c(C(=O)O)cn3C2CC2)CC1,0,1519355
5351344,COc1ccc(/C=C\c2cc(OC)c(OC)c(OC)c2)cc1O,1,716409
71767198,COc1cc(/C=C\c2cccc(OC)c2SC)cc(OC)c1OC,1,1351595
71767195,COc1cc(/C(=C\c2cccc(OC)c2SC)C(=O)O)cc(OC)c1OC,0,1351595
71741341,COc1cc(/C(=C\c2ccccc2SC)C(=O)O)cc(OC)c1OC,0,1351595
71767050,COc1cc(/C=C\c2ccccc2SC)cc(OC)c1OC,0,1351595
122195438,COc1ccc(C(NC(=O)CC2c3cccc(O)c3C(=O)c3c(O)cccc32)c2ccc(OC)cc2)cc1,1,1257025
4122,COC(=O)Nc1nc2ccc(C(=O)c3cccs3)cc2[nH]1,1,1244543
135398592,Nc1nc2c(ncn2[C@H]2C[C@H](O)[C@@H](CO)O2)c(=O)[nH]1,0,1122016
135398641,O=c1[nH]cnc2c1ncn2[C@@H]1O[C@H](CO)[C@@H](O)[C@H]1O,0,1122016
136609938,Nc1nc2c(nc(C(F)(F)F)n2[C@H]2C[C@H](O)[C@@H](CO)O2)c(=O)[nH]1,0,1122016
136609939,O=c1[nH]cnc2c1nc(C(F)(F)F)n2[C@@H]1O[C@H](CO)[C@@H](O)[C@H]1O,0,1122016
56968616,CSc1ccc(COCC#CC(O)c2ccc(F)cc2)cc1,0,634811
56968617,CSc1ccc(COCC#CC(O)c2ccc(C(C)C)cc2)cc1,0,634811
145950956,Cc1cc(-c2ccccc2)n(/C(N)=N/S(=O)(=O)c2cc(C)c(Cl)cc2SCc2cccc3ccccc23)n1,0,1361026
145955712,Cc1cc(S(=O)(=O)/N=C(\N)n2nccc2-c2ccccc2)c(SCc2cccc3ccccc23)cc1Cl,0,1361026
122195439,O=C(CC1c2cccc(O)c2C(=O)c2c(O)cccc21)NCCc1ccc(O)c(O)c1,0,1257025
137537988,O=[N+]([O-])c1ccc(-n2nnnc2Nn2cnnc2)cc1,0,1361590
137527511,Fc1ccc(-n2nnnc2Nn2cnnc2)cc1,0,1361590
137538011,Fc1ccc(-n2nnnc2Nn2cnnc2)cc1Cl,0,1361590
137538080,Brc1ccc(-n2nnnc2Nn2cnnc2)cc1,0,1361590
137647864,COc1ccc(C(=O)Nc2cc3c(s2)C(=O)c2ccccc2C3=O)cc1,1,1466262
137650616,O=C(Nc1cc2c(s1)C(=O)c1ccccc1C2=O)c1ccccc1,1,1466262
3385,O=c1[nH]cc(F)c(=O)[nH]1,1,352127
253270,O=C(CCl)Nc1c[nH]c(=O)[nH]c1=O,0,352127
42600448,O=C(CCl)Nc1cn(COC(CO)CO)c(=O)[nH]c1=O,0,352127
137639696,COc1cc2c(c(OC)c1OC)-c1cc3cc(CO)oc3cc1C(O)CC2,1,1435783
162657769,C/C=C/C=C/C(=O)NCC(=O)N[C@H]1CCc2cc(OC)c(OC)c(OC)c2-c2cc3cc(CO)oc3cc21,1,1695275
162675966,C/C=C/C=C/C(=O)OCC(=O)N[C@H]1CCc2cc(OC)c(OC)c(OC)c2-c2cc3cc(COC(C)=O)oc3cc21,1,1695275
154573905,COc1cc2c(c(OC)c1OC)-c1cc3c(C)coc3cc1[C@@H](NC(C)=O)CC2,1,1704304
162668166,COC(=O)Cc1coc2cc3c(cc12)-c1c(cc(OC)c(OC)c1OC)CC[C@@H]3NC(C)=O,1,1704304
59052020,CC(C(=O)NNC(=O)NCCc1ccccc1)c1cccc(Cc2ccccc2)c1,0,653273
4788,O=C(CCc1ccc(O)cc1)c1c(O)cc(O)cc1O,0,427053
155517590,N#Cc1c(-n2cc(CCCCl)nn2)c2ccc(-n3cc(CCCCl)nn3)cc2n2c1nc1ccccc12,1,1519719
24749162,CC/C=C\C/C=C\C/C=C\CCCCCCCC(=O)NCCc1c[nH]c2ccc(O)cc12,1,574406
53317470,CCCCCCCC(=O)/C=C/CCCCCCCC(=O)NCCc1c[nH]c2ccc(O)cc12,1,574406
53318749,CCCCCCCC/C=C/C(=O)CCCCCCC(=O)NCCc1c[nH]c2ccc(O)cc12,1,574406
53321374,CCCCCCCCC(=O)/C=C/CCCCCCC(=O)NCCc1c[nH]c2ccc(O)cc12,1,574406
53322695,CCCCCCC/C=C/C(=O)CCCCCCCC(=O)NCCc1c[nH]c2ccc(O)cc12,1,574406
934513,COC(=O)c1[nH]c2ccc(F)cc2c1C=O,0,1832979
166628468,CC(C)[C@@H]1NC(=O)[C@@H](C(C)C)OC(=O)[C@H](C)N(C)C(=O)[C@H](Cc2ccccc2)NC(=O)[C@H](Cc2ccccc2)N(C)C1=O,0,1829929
137633044,NS(=O)(=O)c1cc(-c2nnc(Cn3cc(-c4ccccc4)nn3)o2)c(Cl)cc1SCc1ccccc1,0,1470746
137637268,CCc1noc(-c2cc3c(OC)c4ccccc4cc3s2)n1,0,1466262
137645005,CCc1noc(-c2cc3cc4ccccc4cc3s2)n1,0,1466262
137661069,CCc1noc(-c2cc3c(OC)c4ccccc4c(OC)c3s2)n1,1,1466262
33613,CC1(C)S[C@@H]2[C@H](NC(=O)[C@H](N)c3ccc(O)cc3)C(=O)N2[C@H]1C(=O)O,0,1726845
155520747,N#Cc1c(-n2cc(-c3cc(C(F)(F)F)cc(C(F)(F)F)c3)nn2)c2ccccc2n2c1nc1ccccc12,1,1519719
155541257,N#Cc1c(-n2cc(-c3cc(C(F)(F)F)cc(C(F)(F)F)c3)nn2)c2ccc(F)cc2n2c1nc1ccccc12,1,1519719
118717703,COc1cc(/C=C/C(=O)N2C(=O)C=CCC2/C=C/c2ccccc2)cc(OC)c1OC,1,1168751
28422039,C#Cc1cccc(NCc2cc(Cl)cc(Cl)c2O)c1,0,1567145
142621727,CC(C)(C)c1cccc(NCc2cc([N+](=O)[O-])ccc2O)c1,0,1567145
142621677,C#Cc1cccc(NCc2cc([N+](=O)[O-])cc(Br)c2O)c1,0,1567145
142621653,O=[N+]([O-])c1ccc(O)c(CNc2ccccc2Cl)c1,0,1567145
142621780,CC(C)(C)c1ccccc1NCc1cc([N+](=O)[O-])ccc1O,0,1567145
142621759,O=[N+]([O-])c1ccc(O)c(CNc2ccccc2C(F)(F)F)c1,0,1567145
146827081,CC(C)(C)c1ccc(NCc2cc([N+](=O)[O-])ccc2O)cc1,0,1567145
145951333,COc1cc(-c2ncn(C)c2-c2cc(Br)c(SC)c(OC)c2)cc(OC)c1OC,0,1351595
89825508,COc1cc(-c2ncn(C)c2-c2ccccc2SC)cc(OC)c1OC,0,1351595
145953791,COc1ccc(-c2c(-c3cc(OC)c(SC)c(OC)c3)ncn2C)cc1O,1,1351595
145955931,COc1ccc(-c2c(-c3cc(Br)c(OC)c(OC)c3)ncn2C)cc1SC,0,1351595
145956794,COc1cc(-c2c(-c3cc(Br)c(OC)c(OC)c3)ncn2C)ccc1SC,0,1351595
137635382,CCc1noc(-c2cc3c(s2)Cc2ccccc2C3=O)n1,1,1466262
145979380,CC(=O)N[C@H]1[C@H](O[C@H]2CC[C@]3(C)[C@H]4CC=C5[C@@H]6CC(C)(C)CC[C@]6(C(=O)OCc6cn(-c7cccc(C(C)=O)c7)nn6)CC[C@@]5(C)[C@]4(C)CC[C@H]3C2(C)C)O[C@H](CO[C@@H]2OC[C@H](O)[C@H](O)[C@@H]2O)[C@@H](O)[C@@H]1O,0,1416986
127033674,C=C1CC[C@H]2[C@](C)(CCC=C(C)C)[C@H](O)CC[C@]2(C)[C@@H]1Cc1c(O)c(C)c(C)oc1=O,1,1651783
155556418,N#Cc1c(-n2cc(CNS(=O)(=O)c3ccc(F)cc3)nn2)c2ccc(F)cc2n2c1nc1ccccc12,1,1519719
155556685,N#Cc1c(-n2cc(CNS(=O)(=O)c3ccc(F)cc3)nn2)c2ccccc2n2c1nc1ccccc12,1,1519719
137644257,CCc1noc(C=C2c3ccccc3C(=O)c3ccccc32)n1,1,1466262
31703,COc1cccc2c1C(=O)c1c(O)c3c(c(O)c1C2=O)C[C@@](O)(C(=O)CO)C[C@@H]3O[C@H]1C[C@H](N)[C@H](O)[C@H](C)O1,1,1361590
57403969,C=CCCCCCCC[C@H]1C(=O)O[C@@H]1CCc1cccnc1,0,639236
59052015,CC(C(=O)NNC(=O)NC(c1ccccc1)c1ccccc1)c1cccc(Oc2ccccc2)c1,1,653273
145950634,COc1cc(-c2ncoc2-c2cc(Br)c(SC)c(OC)c2)cc(OC)c1OC,0,1351595
145953264,COc1cc(-c2ocnc2-c2cc(OC)c(OC)c(OC)c2)ccc1SC,1,1351595
145954664,COc1ccc(-c2ocnc2-c2cc(Br)c(OC)c(OC)c2)cc1OC,0,1351595
145956126,COc1ccc(-c2ocnc2-c2cc(OC)c(OC)c(OC)c2)cc1S,1,1351595
145956867,COc1ccc(-c2ocnc2-c2cc(Br)c(OC)c(OC)c2)cc1SC,1,1351595
145956966,COc1ccc(-c2ocnc2-c2cc(OC)c(SC)c(OC)c2)cc1O,1,1351595
145958544,COc1cc(-c2ocnc2-c2cc(Br)c(OC)c(OC)c2)ccc1SC,1,1351595
71765732,COc1cc(-c2ncoc2-c2ccccc2SC)cc(OC)c1OC,0,1351595
6167,COc1cc2c(c(OC)c1OC)-c1ccc(OC)c(=O)cc1[C@@H](NC(C)=O)CC2,1,716409
155558702,CC(C)(C)NC(=O)C(c1ccc(F)cc1)N(C(=O)/C=C/C(=O)c1ccc(F)cc1)C1CC1,1,1564523
145953530,C/C(C#Cc1ccccc1)=N\N/C(N)=N/S(=O)(=O)c1cc(C)c(Cl)cc1SCc1cccc(Cl)c1,0,1491485
145953990,C/C(C#Cc1ccccc1)=N\N/C(N)=N/S(=O)(=O)c1cc(C)c(Cl)cc1SCc1ccccc1Cl,0,1491485
145954240,C/C(C#Cc1ccccc1)=N\N/C(N)=N/S(=O)(=O)c1cc(C)c(Cl)cc1SCc1ccc(Cl)cc1,0,1491485
145955645,C/C(C#Cc1ccccc1)=N\N/C(N)=N/S(=O)(=O)c1cc(C)c(Cl)cc1SCc1ccc(C)cc1,0,1491485
145960523,Cc1cc(S(=O)(=O)/N=C(\N)N/N=C/C#Cc2ccccc2)c(SCc2ccccc2C(F)(F)F)cc1Cl,0,1491485
145961119,C/C(C#Cc1ccccc1)=N\N/C(N)=N/S(=O)(=O)c1cc(C)c(Cl)cc1SCc1ccc(C(F)(F)F)cc1,0,1491485
145961150,Cc1cc(S(=O)(=O)/N=C(\N)N/N=C/C#Cc2ccccc2)c(SCc2cccc(Cl)c2)cc1Cl,0,1491485
145961221,Cc1cc(S(=O)(=O)/N=C(\N)N/N=C/C#Cc2ccccc2)c(SCc2ccccc2)cc1Cl,0,1491485
145961356,C/C(C#Cc1ccccc1)=N\N/C(N)=N/S(=O)(=O)c1cc(C)c(Cl)cc1SCc1ccccc1,0,1491485
145961381,Cc1cc(S(=O)(=O)/N=C(\N)N/N=C/C#Cc2ccccc2)c(SCc2ccc(Cl)cc2)cc1Cl,1,1491485
145962037,C/C(C#Cc1ccccc1)=N\N/C(N)=N/S(=O)(=O)c1cc(C)c(Cl)cc1SCc1cccc(C(F)(F)F)c1,0,1491485
145962396,Cc1cccc(CSc2cc(Cl)c(C)cc2S(=O)(=O)/N=C(\N)N/N=C/C#Cc2ccccc2)c1,1,1491485
145962824,Cc1cc(S(=O)(=O)/N=C(\N)N/N=C/C#Cc2ccccc2)c(SCc2cccc(C(F)(F)F)c2)cc1Cl,0,1491485
145962964,C/C(C#Cc1ccccc1)=N\N/C(N)=N/S(=O)(=O)c1cc(C)c(Cl)cc1SCc1ccccc1C(F)(F)F,0,1491485
145962996,Cc1cc(S(=O)(=O)/N=C(\N)N/N=C/C#Cc2ccccc2)c(SCc2ccccc2C)cc1Cl,0,1491485
145963148,Cc1cc(S(=O)(=O)/N=C(\N)N/N=C/C#Cc2ccccc2)c(SCc2ccccc2Cl)cc1Cl,0,1491485
145963472,Cc1ccc(CSc2cc(Cl)c(C)cc2S(=O)(=O)/N=C(\N)N/N=C/C#Cc2ccccc2)cc1,0,1491485
70682976,COc1ccc2nc(C)cc(OCC(=O)NCc3ccccc3)c2c1,0,1299857
155510500,CC(=O)c1c(O)c([C@@H]2O[C@H](COC(=O)/C=C/c3ccc(O)cc3)[C@@H](O)[C@H](O)[C@H]2O)c(O)c([C@@H]2O[C@H](COC(=O)/C=C/c3ccc(O)cc3)[C@@H](O)[C@H](O)[C@H]2O)c1O,0,1591992
155538029,COc1cc(/C=C/C(=O)OC[C@H]2O[C@@H](c3c(O)c(C(C)=O)c(O)c([C@@H]4O[C@H](COC(=O)/C=C/c5ccc(O)cc5)[C@@H](O)[C@H](O)[C@H]4O)c3O)[C@H](O)[C@@H](O)[C@@H]2O)ccc1O,1,1591992
155564843,COc1cc(/C=C/C(=O)OC[C@H]2O[C@@H](c3c(O)c(C(C)=O)c(O)c([C@@H]4O[C@H](COC(=O)/C=C/c5ccc(O)c(OC)c5)[C@@H](O)[C@H](O)[C@H]4O)c3O)[C@H](O)[C@@H](O)[C@@H]2O)ccc1O,1,1591992
59052146,CC(C(=O)NNC(=O)NC(c1ccccc1)c1ccccc1)c1cccc(Cc2ccccc2)c1,0,653273
73062,C=C1C[C@@]23CC[C@H]4[C@@](C)(CCC[C@@]4(C)C(=O)O)[C@@H]2CC[C@@H]1C3,0,1683377
101618866,C=C1[C@@H]2CC[C@H]3[C@]4(C)CCC[C@@](C)(C(=O)O)[C@H]4CC[C@]3(C2)[C@H]1OC(=O)C=C(C)C,0,1683377
127049563,CC(C)(C)C1=CC(=O)C(NCCc2ccccc2)=CC1=O,0,1310575
127049798,CC(C)(C)C1=CC(=O)C=C(NCCc2ccccc2)C1=O,0,1310575
135932935,CCOc1cc(/C=N\Nc2nc3c(c(=O)n(C)c(=O)n3C)n2Cc2ccccc2)ccc1O,0,688886
137656398,CCc1nc(-c2ccc3c(c2)C(=O)c2ccccc2C3=O)no1,0,1466262
5318483,CCCCCC/C=C\CCCCCCCCCC1=CC(=O)C=C(OC)C1=O,0,1206045
118736751,CCCCCC/C=C\CCCCCCCCCC1=C(OC)C(=O)C=C(OC)C1=O,0,1206045
101681929,CCCCCC/C=C\CCCCCCCCCC1=C(O)C(=O)C=C(OC)C1=O,0,1206045
118736753,CCCCCC/C=C\CCCCC1=CC(=O)C=C(OC)C1=O,1,1206045
19211,CC(C)(C)C1=CC(=O)C=CC1=O,0,1310575
101247272,CCCCNC1=CC(=O)C(C(C)(C)C)=CC1=O,0,1310575
102483099,CNC1=CC(=O)C=C(C(C)(C)C)C1=O,1,1310575
127049486,CNC1=CC(=O)C(C(C)(C)C)=CC1=O,0,1310575
127049487,CCNC1=CC(=O)C(C(C)(C)C)=CC1=O,0,1310575
127049796,CCCCCCCCNC1=CC(=O)C(C(C)(C)C)=CC1=O,0,1310575
127049899,CCCCCCCCNC1=CC(=O)C=C(C(C)(C)C)C1=O,0,1310575
127050204,CCNC1=CC(=O)C=C(C(C)(C)C)C1=O,0,1310575
85571680,CCCCNC1=CC(=O)C=C(C(C)(C)C)C1=O,1,1310575
155531753,COc1ccc(/C=C2\NC(=O)N(CCCCN3CCN(c4ccccc4OC)CC3)C2=O)cc1OC1CCCC1,0,1545648
137633149,COc1cccc(-c2nnc(Cc3nc4ccccc4[nH]3)o2)c1OC,0,1428365
137633488,CC(=O)c1ccccc1-c1nnc(Cc2nc3ccccc3[nH]2)o1,0,1428365
14738184,c1ccc(-c2nnc(Cc3nc4ccccc4[nH]3)o2)cc1,0,1428365
137634412,Clc1ccc2nc(Cc3nnc(-c4ccccc4)o3)[nH]c2c1,0,1428365
137636527,Oc1ccc(-c2nnc(Cc3nc4ccccc4[nH]3)o2)cc1,0,1428365
137641315,O=C(O)c1ccccc1-c1nnc(Cc2nc3ccccc3[nH]2)o1,0,1428365
137643535,Fc1ccc(-c2nnc(Cc3nc4ccccc4[nH]3)o2)cc1,0,1428365
137644097,Cc1ccc(-c2nnc(Cc3nc4ccccc4[nH]3)o2)cc1,0,1428365
137646549,COc1ccc(-c2nnc(Cc3nc4ccccc4[nH]3)o2)cc1,1,1428365
137646754,Clc1ccc2nc(Cc3nnc(-c4ccccc4Cl)o3)[nH]c2c1,0,1428365
137648004,Clc1ccc(-c2nnc(Cc3nc4ccc(Cl)cc4[nH]3)o2)cc1,0,1428365
137650330,Clc1ccc(-c2nnc(Cc3nc4ccccc4[nH]3)o2)c(Cl)c1,0,1428365
137650383,Cc1ccccc1-c1nnc(Cc2nc3ccccc3[nH]2)o1,0,1428365
137653308,Clc1ccccc1-c1nnc(Cc2nc3ccccc3[nH]2)o1,0,1428365
137653795,Nc1ccc(O)c(-c2nnc(Cc3nc4ccccc4[nH]3)o2)c1,0,1428365
137656424,Clc1ccc(-c2nnc(Cc3nc4ccc(Cl)cc4[nH]3)o2)c(Cl)c1,0,1428365
137656751,Clc1ccc(-c2nnc(Cc3nc4ccccc4[nH]3)o2)cc1,1,1428365
137645226,CCc1noc(-c2ccc3ccccc3c2)n1,0,1466262
134146429,O=c1cc(OCc2nc3ccccc3[nH]2)c2ccc3ccccc3c2[nH]1,0,1331923
137659086,COc1cc2c(c(OC)c1OC)-c1cc3cc(CO)oc3cc1C(=O)CC2,1,1435783
137647168,CCc1noc(-c2cc3oc4ccccc4c(=O)c3s2)n1,0,1466262
58089077,CCc1noc(-c2cccs2)n1,0,1466262
137660748,CCc1noc(-c2cc(C(C)=O)cs2)n1,0,1466262
127051316,COc1ccc2nc(C)cc(OCC(=O)Nc3ccc4ccccc4c3)c2c1,1,1299857
36462,COc1cc([C@@H]2c3cc4c(cc3[C@@H](O[C@@H]3O[C@@H]5CO[C@@H](C)O[C@H]5[C@H](O)[C@H]3O)[C@H]3COC(=O)[C@H]23)OCO4)cc(OC)c1O,1,468209
137631485,CCc1nc(-c2cc3c(s2)C(=O)c2ccccc2C3=O)no1,1,1466262
162394896,COC(=O)C1=Nc2ccc(F)cc2/C1=C/c1sc(=S)[nH]c1O,0,1832979
137650197,c1csc(-c2nnc(Cc3nc4ccccc4[nH]3)o2)c1,0,1428365
127052332,COc1ccc(N/C=C\C(=O)c2cn(-c3ccccc3)nc2-c2cc(OC)c(OC)c(OC)c2)cc1,0,1300842
127052331,COc1cc(-c2nn(-c3ccccc3)cc2C(=O)/C=C\Nc2ccc(O)cc2)cc(OC)c1OC,0,1300842
127052330,COc1cc(-c2nn(-c3ccccc3)cc2C(=O)/C=C\Nc2ccc(C(F)(F)F)cc2)cc(OC)c1OC,0,1300842
127052011,COc1cc(-c2nn(-c3ccccc3)cc2C(=O)/C=C\Nc2ccc(Cl)cc2)cc(OC)c1OC,0,1300842
127052010,COc1cc(-c2nn(-c3ccccc3)cc2C(=O)/C=C\Nc2ccc(F)cc2)cc(OC)c1OC,0,1300842
127052009,COc1ccc(-c2nn(-c3ccccc3)cc2C(=O)/C=C\Nc2cc(OC)c(OC)c(OC)c2)cc1,0,1300842
127051967,COc1cc(N/C=C\C(=O)c2cn(-c3ccccc3)nc2-c2cc(OC)c(OC)c(OC)c2)cc(OC)c1OC,0,1300842
127051688,COc1ccc(N/C=C\C(=O)c2cn(-c3ccccc3)nc2-c2ccccc2)cc1,0,1300842
127051687,O=C(/C=C\Nc1ccc(O)cc1)c1cn(-c2ccccc2)nc1-c1ccccc1,0,1300842
127050794,COc1ccc(N/C=C\C(=O)c2cn(-c3ccccc3)nc2-c2ccc(F)cc2)cc1,0,1300842
127050793,O=C(/C=C\Nc1ccc(O)cc1)c1cn(-c2ccccc2)nc1-c1ccc(F)cc1,0,1300842
127050792,O=C(/C=C\Nc1ccc(C(F)(F)F)cc1)c1cn(-c2ccccc2)nc1-c1ccc(F)cc1,0,1300842
127050791,O=C(/C=C\Nc1ccc(Cl)cc1)c1cn(-c2ccccc2)nc1-c1ccc(F)cc1,0,1300842
127050790,O=C(/C=C\Nc1ccc(F)cc1)c1cn(-c2ccccc2)nc1-c1ccc(F)cc1,0,1300842
127050477,COc1cc(N/C=C\C(=O)c2cn(-c3ccccc3)nc2-c2ccccc2)cc(OC)c1OC,0,1300842
127050139,O=C(/C=C\Nc1ccc(C(F)(F)F)cc1)c1cn(-c2ccccc2)nc1-c1ccccc1,0,1300842
127050138,O=C(/C=C\Nc1ccc(Cl)cc1)c1cn(-c2ccccc2)nc1-c1ccccc1,0,1300842
127050137,O=C(/C=C\Nc1ccc(F)cc1)c1cn(-c2ccccc2)nc1-c1ccccc1,0,1300842
127049542,O=C(/C=C\Nc1ccc(O)cc1)c1cn(-c2ccccc2)nc1-c1ccc(Cl)cc1,0,1300842
